label,count,share
political,144142,0.2435892669440398
reliable,117317,0.1982570106566713
bias,70559,0.119239465848292
fake,45635,0.07711975827303115
conspiracy,45357,0.07664995893480604
rumor,43635,0.0737399069188937
nan,32006,0.054087761220261536
unreliable,27224,0.0460065366325189
unknown,24275,0.04102294581084324
clickbait,18129,0.03063666259957887
junksci,8724,0.014742911606747535
satire,8439,0.014261282788782949
hate,6300,0.010646531765532952
